Topology,Comparison,Mean targeted AUC,Mean random AUC,Mean paired difference,t,Raw p,Cohen_dz,Pairs,Holm p
BA,degree vs random,17657.2,18787.33,-1130.13,-15.567060066517714,2.3295052169250493e-28,-1.5567060066517717,100,1.3977031301550296e-27
BA,betweenness vs random,17798.83,18787.33,-988.5,-14.441498981421267,4.1398980338650454e-26,-1.4441498981421268,100,2.069949016932523e-25
ER,degree vs random,18727.03,18729.17,-2.14,-0.0313970731661154,0.9750160861694765,-0.00313970731661154,100,1.0
ER,betweenness vs random,18728.96,18729.17,-0.21,-0.0030170253956643637,0.9975988368085813,-0.0003017025395664364,100,1.0
WS,degree vs random,18936.43,19019.43,-83.0,-1.2244585531556056,0.2236850320836177,-0.12244585531556056,100,0.8947401283344708
WS,betweenness vs random,18948.3,19019.43,-71.13,-1.0939497922522938,0.2766315785628297,-0.1093949792252294,100,0.8947401283344708
